Time,Amplitude
0.0,0.0
0.0005,0.12379061251596354
0.001,0.23195385888136463
0.0015000000000000002,0.3108351766004597
0.002,0.3504765631286196
0.0025,0.34587367726903806
0.0030000000000000005,0.29760758879118276
0.0035000000000000005,0.21177142399896998
0.004,0.09920116753537819
0.0045000000000000005,-0.02589227575256772
0.005,-0.14771706994481146
0.0055000000000000005,-0.25089401441890224
0.006000000000000001,-0.3223980190099057
0.006500000000000001,-0.35320239552019267
0.007000000000000001,-0.33941838969786925
0.007500000000000001,-0.28278609880579647
0.008,-0.19045480119172825
0.0085,-0.07408042912424086
0.009000000000000001,0.05164587979036473
0.009500000000000001,0.17085239647478065
0.01,0.2684904524888192
0.0105,0.33223418870189664
0.011000000000000001,0.35403657565547286
0.0115,0.33114527311182734
0.012000000000000002,0.2664500863578245
0.0125,0.16811815626978496
0.013000000000000001,0.048562936861268134
0.0135,-0.07712288308515147
0.014000000000000002,-0.1930726858323413
0.0145,-0.28464893153952997
0.015000000000000001,-0.3402910059301253
0.0155,-0.3529746359012983
0.016,-0.32109863598632205
0.0165,-0.2486870425152726
0.017,-0.1448811179935923
0.0175,-0.02278535522673116
0.018000000000000002,0.10218683800413501
0.0185,0.21425893242457672
0.019000000000000003,0.2992829113217543
0.019500000000000003,0.3465253206574412
0.02,0.35002226370701106
0.0205,0.3093322852717808
0.021,0.22959210112318118
0.021500000000000002,0.12086813737605909
0.022000000000000002,-0.0031142583338962396
0.022500000000000003,-0.12670350908493994
0.023,-0.2342976686995196
0.023500000000000004,-0.31231401637364714
0.024000000000000004,-0.35090374365526067
0.0245,-0.345195271144085
0.025,-0.295909238218822
0.0255,-0.20926752929362658
0.026000000000000002,-0.09620782115808466
0.026500000000000003,0.028997192806616844
0.027,0.15054159196283026
0.0275,0.25308157284630867
0.028000000000000004,0.32367245577763326
0.0285,0.3534028253268426
0.029,0.3385195102211379
0.029500000000000002,0.2809013848756619
0.030000000000000002,0.18782217969195555
0.030500000000000003,0.07103224302718154
0.031,-0.054724826505913544
0.03150000000000001,-0.17357341659979839
0.032,-0.2705100435804907
0.0325,-0.33329739694084476
0.033,-0.3540091812967056
0.0335,-0.33003073442787584
0.034,-0.2643891030653251
0.0345,-0.16537090755266162
0.035,-0.04547623626811462
0.0355,0.08015936949334732
0.036000000000000004,0.19567563104921298
0.036500000000000005,0.286489738936082
0.037,0.3411372913973057
0.037500000000000006,0.3527195640935608
0.038000000000000006,0.31977440724950196
0.0385,0.2464608279047267
0.03900000000000001,0.14203395554719217
0.0395,0.0196766716339161
0.04,-0.10516460154153394
0.04050000000000001,-0.21672986209401154
0.041,-0.30093507617877013
0.0415,-0.347150150886954
0.042,-0.3495408805428518
0.0425,-0.3078054586771328
0.043000000000000003,-0.22721257817117227
0.043500000000000004,-0.11793630979816712
0.044000000000000004,0.006228275695203884
0.044500000000000005,0.12960660169120752
0.045000000000000005,0.23662334922020672
0.045500000000000006,0.3137686901628636
0.046,0.3513037722329012
0.04650000000000001,0.34449015477574846
0.04700000000000001,0.29418799101828325
0.0475,0.20674744205290738
0.04800000000000001,0.09320703048901167
0.0485,-0.03209986613909139
0.049,-0.15335446549404758
0.0495,-0.25524954853034565
0.05,-0.3249218476771573
0.0505,-0.35357590981255094
0.051,-0.3375944370527085
0.051500000000000004,-0.27899493558301264
0.052000000000000005,-0.18517502503790292
0.0525,-0.06797856065407869
0.053000000000000005,0.05779953876764321
0.053500000000000006,0.17628100609992126
0.054,0.2725087033625348
0.05450000000000001,0.3343348155605961
0.055,0.3539543946988698
0.0555,0.32889065888992486
0.05600000000000001,0.2623076620844341
0.0565,0.16261086289782314
0.057,0.042386016851152626
0.0575,-0.0831896533940148
0.058,-0.19826343543373123
0.0585,-0.2883083785589304
0.059000000000000004,-0.34195718061621133
0.059500000000000004,-0.3524371998337226
0.060000000000000005,-0.3184254352645574
0.060500000000000005,-0.24421554284551403
0.061000000000000006,-0.13917580291107
0.0615,-0.0165664655153539
0.062,0.10813422773657236
0.06250000000000001,0.21918402181365568
0.06300000000000001,0.3025639555223412
0.0635,0.34774811960996327
0.064,0.3490324508842235
0.0645,0.30625481495808266
0.065,0.22481547414615743
0.0655,0.11499535663889728
0.066,-0.009341811129982011
0.0665,-0.13249966570159363
0.067,-0.23893072048877984
0.0675,-0.3151990854095234
0.068,-0.3516766179084501
0.06849999999999999,-0.34375838272395853
0.069,-0.29244398037485364
0.0695,-0.2042113572741042
0.07,-0.09019902772094347
0.07050000000000001,0.03520005567381523
0.071,0.156155472886181
0.0715,0.2573977737191293
0.07200000000000001,0.3261460980340311
0.07250000000000001,0.3537216355845249
0.07300000000000001,0.3366432417721512
0.07350000000000001,0.27706689844355487
0.074,0.18251354205898268
0.0745,0.06491961829032082
0.07500000000000001,-0.06086977866292574
0.07550000000000001,-0.17897495546945583
0.07600000000000001,-0.27448627718425916
0.0765,-0.33534636428860193
0.077,-0.3538722201011991
0.0775,-0.3277251347138269
0.07800000000000001,-0.2602059244712269
0.07850000000000001,-0.15983823586979393
0.079,-0.039292517722904784
0.0795,0.08621350031226635
0.08,0.20083589874883773
0.0805,0.29010470968683666
0.08100000000000002,0.34275061014611025
0.0815,0.3521275649703392
0.082,0.3170518244111617
0.0825,0.24195136107150608
0.083,0.13630688124107046
0.0835,0.013454977530082207
0.084,-0.11109548680789515
0.0845,-0.22162122168750284
0.085,-0.30416942331434516
0.0855,-0.3483191805573232
0.08600000000000001,-0.3484970140719892
0.0865,-0.3046804740990989
0.08700000000000001,-0.2224009745293346
0.08750000000000001,-0.11204550546096671
0.08800000000000001,0.012454623721572279
0.08850000000000001,0.13538247725890118
0.08900000000000001,0.24121960396731
0.0895,0.3166050914336504
0.09000000000000001,0.35202225183215385
0.09050000000000001,0.34300001161118576
0.09100000000000001,0.2906773412351934
0.09150000000000001,0.20165947119235608
0.092,0.08718404560470441
0.0925,-0.03829752152680904
0.09300000000000001,-0.15894439740512825
0.09350000000000001,-0.2595260821890087
0.09400000000000001,-0.3273451121191895
0.0945,-0.3538399913669122
0.095,-0.3356659979802945
0.0955,-0.2751174226434054
0.09600000000000002,-0.1798379366932933
0.09650000000000002,-0.06185565262830044
0.097,0.06393530862519727
0.0975,0.1816550562581442
0.098,0.27644261202653486
0.0985,0.33633196485405537
0.099,0.3537626638621337
0.0995,0.32653425208457626
0.1,0.2580840528522744
0.1005,0.1570532410066899
0.101,0.036195978249671745
0.1015,-0.08923067627130159
0.102,-0.2033928219445293
0.10250000000000001,-0.2918785933247272
0.10300000000000001,-0.3435175185936467
0.10350000000000001,-0.3517906834620895
0.10400000000000001,-0.31565368097547775
0.10450000000000001,-0.2396684577787497
0.105,-0.13342741252632156
0.10550000000000001,-0.010342448436326528
0.10600000000000001,0.1140481496215622
0.10650000000000001,0.22404127313185193
0.10700000000000001,0.3057513553281802
0.1075,0.34886328954193735
0.108,0.34793461153674976
0.10850000000000001,0.30308255791826505
0.10900000000000001,0.21996926614792248
0.10950000000000001,0.10908698451559992
0.11,-0.015566472609259866
0.1105,-0.1382548132992508
0.111,-0.24348982254840718
0.11150000000000002,-0.3179865994424347
0.11200000000000002,-0.3523406472598263
0.1125,-0.34221510011806544
0.113,-0.2888882102968933
0.1135,-0.19909198126546374
0.114,-0.08416231743117232
0.11450000000000002,0.041392024024839394
0.115,0.16172102325172022
0.1155,0.26163430925743625
0.116,0.3285187971562832
0.1165,0.35393096800167395
0.117,0.3346627812935254
0.11750000000000001,0.27314665902753743
0.11800000000000001,0.17714841597169168
0.11850000000000001,0.05878690074910745
0.11900000000000001,-0.06699589145233169
0.11950000000000001,-0.18432110108729063
0.12000000000000001,-0.2783775565136503
0.1205,-0.33729154099394626
0.12100000000000001,-0.3536257344588282
0.1215,-0.32531810314933973
0.12200000000000001,-0.2559422114120618
0.12250000000000001,-0.15425609380361216
0.123,-0.03309663803300879
0.12350000000000001,0.09224094781049424
0.124,0.20593400717324536
0.12450000000000001,0.2936298922144551
0.12500000000000003,0.3442578466175946
0.1255,0.3514265813759211
0.12600000000000003,0.31423111314192564
0.1265,0.23736700961190677
0.127,0.1305376195720417
0.1275,0.007229119072884275
0.128,-0.11699198770879377
0.12850000000000003,-0.22644398888989756
0.129,-0.3073096291583759
0.1295,-0.34938040446217705
0.13,-0.34734528679563753
0.1305,-0.3014611900578656
0.131,-0.2175205371607078
0.1315,-0.10612002272486487
0.132,0.018677117006892383
0.1325,0.14111645156931882
0.133,0.24574120056891516
0.1335,0.3193435025386543
0.134,0.3526317795549218
0.1345,0.3414037089788484
0.135,0.2870767259978935
0.1355,0.19650908615860133
0.136,0.08113407701320863
0.1365,-0.044483323723961445
0.13699999999999998,-0.16448513557841346
0.1375,-0.2637222917957004
0.138,-0.32966706232884707
0.1385,-0.35399455844929306
0.139,-0.33363366933794
0.13949999999999999,-0.27115476008812694
0.14,-0.17444518800175504
0.1405,-0.05571360010415853
0.14100000000000001,0.07005129032500326
0.14150000000000001,0.1869728836658187
0.142,0.2802909609250214
0.14250000000000002,0.3382250184589585
0.143,0.3534614424864971
0.14350000000000002,0.32407678201031415
0.14400000000000002,0.25378056588027664
0.14450000000000002,0.15144701069598934
0.14500000000000002,0.02999473689117486
0.1455,-0.09524408200345054
0.14600000000000002,-0.20845925780519564
0.14650000000000002,-0.2953584708454125
0.14700000000000002,-0.3449715369334424
0.14750000000000002,-0.35103528688503294
0.148,-0.3127842309848253
0.14850000000000002,-0.2350471946505875
0.149,-0.12763772598232637
0.14950000000000002,-0.004115230340442792
0.15000000000000002,0.1199267732836498
0.1505,0.22882918304622488
0.15100000000000002,0.3088441242300709
0.1515,0.34987048530513637
0.15200000000000002,0.34672908544895137
0.15250000000000002,0.2998164959747997
0.153,0.21505497704348012
0.15350000000000003,0.10314484966394896
0.154,-0.021786316221504936
0.15450000000000003,-0.14396717064355666
0.155,-0.24797356382349853
0.1555,-0.3206756957289508
0.15600000000000003,-0.3528956261904378
0.1565,-0.3405659009767113
0.15700000000000003,-0.2852430285057732
0.1575,-0.1939109857289674
0.158,-0.07809955866757158
0.15850000000000003,0.047571181428071437
0.159,0.16723652050595478
0.15950000000000003,0.2657898682415662
0.16,0.3307898187873397
0.1605,0.35403075778931864
0.161,0.3325787417433428
0.1615,0.2691418799527326
0.16200000000000003,0.17172846195168914
0.1625,0.05263598849686588
0.163,-0.07310126882500861
0.1635,-0.18961019880620594
0.164,-0.2821826772067763
0.1645,-0.3391323250192172
0.165,-0.3532698006575923
0.1655,-0.3228103847174511
0.166,-0.2515992835190035
0.1665,-0.14862620904278753
0.167,-0.026890514840603664
0.1675,0.0982398464760761
0.168,0.21096837844355382
0.1685,0.2970641954650286
0.169,0.34565853431783417
0.1695,0.3506168302666983
0.17,0.3113131464598613
0.17049999999999998,0.23270919239558466
0.171,0.12472795614281584
0.1715,0.001001023183002007
0.17200000000000001,-0.122852279260627
0.17250000000000001,-0.2311966710411935
0.173,-0.31035472180832646
0.17350000000000002,-0.3503334941497335
0.17400000000000002,-0.346086055176627
0.17450000000000002,-0.29814860293089496
0.17500000000000002,-0.21257277657437257
0.1755,-0.10016169554342146
0.17600000000000002,0.02489382967198951
0.1765,0.14680674994129644
0.17700000000000002,0.2501867395781547
0.17750000000000002,0.32198307593194375
0.17800000000000002,0.35313216675066106
0.17850000000000002,0.3397017409388884
0.179,0.2833872597069151
0.17950000000000002,0.19129788101028894
0.18000000000000002,0.07505899719679768
0.18050000000000002,-0.05065535820737762
0.18100000000000002,-0.16997496513987456
0.1815,-0.2678368786117518
0.18200000000000002,-0.33188697965601216
0.1825,-0.35403956322074703
0.18300000000000002,-0.33149808013707344
0.18350000000000002,-0.267108174372379
0.184,-0.16899844803415645
0.18450000000000003,-0.04955430406417716
0.185,0.07614559095354283
0.18550000000000003,0.19223284244040936
0.18600000000000003,0.2840525589832005
0.1865,0.3400133904698873
0.18700000000000003,0.3530508238008226
0.1875,0.32151900926103066
0.18800000000000003,0.24939853310975954
0.1885,0.14579390710975282
0.189,0.023784212077299277
0.18950000000000003,-0.10122800942450061
0.19,-0.2134611749395835
0.19050000000000003,-0.298746934089109
0.191,-0.3463187856128331
0.1915,-0.3501712438999179
0.19200000000000003,-0.3098179733954369
0.1925,-0.23035318375496164
0.19300000000000003,-0.12180853520334228
0.1935,0.0021132614307993155
0.194,0.12576827927228917
0.1945,0.233546269685201
0.195,0.31184130500734447
0.19550000000000003,0.35076939516964006
0.196,0.345416245734544
0.1965,0.296457639983039
0.197,0.21007412781911836
0.1975,0.09717079119138446
0.198,-0.02799941690763762
0.1985,-0.14963496974385335
0.199,-0.2523805565835343
0.1995,-0.3232655419862121
0.2,-0.3533413829327457
0.2005,-0.3388112957316662
0.201,-0.28150956319550585
0.2015,-0.18866997419729964
0.202,-0.07201262787102355
0.2025,0.05373561541692283
0.203,0.1727002575869915
0.20350000000000001,0.2698631645143307
0.204,0.33295846003962554
0.20450000000000002,0.35402097406223876
0.20500000000000002,0.3303917681377041
0.20550000000000002,0.2650538007095152
0.20600000000000002,0.16625535748998435
0.2065,0.04646878525821859
0.20700000000000002,-0.07918402114948994
0.20750000000000002,-0.19484061163560476
0.20800000000000002,-0.2859004615680818
0.20850000000000002,-0.3408681466365874
0.20900000000000002,-0.3528045288600037
0.20950000000000002,-0.32020275556406713
0.21,-0.24717848494044828
0.21050000000000002,-0.14295032405247254
0.21100000000000002,-0.02067606895826049
0.21150000000000002,0.10420833963301918
0.21200000000000002,0.21593745440769288
0.2125,0.30040655651205145
0.21300000000000002,0.3469522397300482
0.21350000000000002,0.34969856226291524
0.21400000000000002,0.3082988274838591
0.21450000000000002,0.22797935103006145
0.215,0.11887968906055067
0.21550000000000002,-0.005227382526364269
0.216,-0.12867454768668854
0.21650000000000003,-0.23587779717290308
0.21700000000000003,-0.3133037587994679
0.2175,-0.3511781546360551
0.21800000000000003,-0.3447197089506834
0.2185,-0.2947437379732146
0.21900000000000003,-0.20755922411614058
0.21950000000000003,-0.09417236803565052
0.22,0.031102837626831047
0.22050000000000003,0.1524516112114901
0.221,0.2545548450882177
0.22150000000000003,0.32452299465812623
0.222,0.3535232585481287
0.2225,0.33789463425519983
0.22300000000000003,0.2796100842624492
0.2235,0.1860274686300653
0.22400000000000003,0.06896068640977158
0.2245,-0.05681171471503026
0.225,-0.1754121869718125
0.2255,-0.2718685691609741
0.226,-0.3340041770300301
0.22650000000000003,-0.3539749917521709
0.227,-0.32925989134855754
0.2275,-0.26297891792581884
0.228,-0.16349940257183723
0.2285,-0.043379670827789645
0.22900000000000004,0.08221632430764014
0.2295,0.1974333046098938
0.23,0.2877262419758989
0.2305,0.34169652738068035
0.231,0.35253093489274734
0.2315,0.31886172547458563
0.232,0.24493931079217277
0.2325,0.14009567989943117
0.233,0.017566325982927816
0.2335,-0.10718060649206503
0.234,-0.2183970252402834
0.23450000000000001,-0.3020429343169258
0.23500000000000001,-0.3475588476545686
0.23550000000000001,-0.34919882193047486
0.23600000000000002,-0.30675582627238196
0.23650000000000002,-0.22558787790142787
0.23700000000000002,-0.11594164434031563
0.2375,0.008341099141698225
0.23800000000000002,0.13157085962495157
0.23850000000000002,0.23819107309721316
0.23900000000000002,0.3147419700241228
0.2395,0.3515597409203154
0.24000000000000002,0.3439964987211099
0.24050000000000002,0.29300702951835705
0.241,0.20502826006166527
0.24150000000000005,0.091166658085792
0.24200000000000002,-0.03420385169554041
0.24250000000000002,-0.15525645640038238
0.243,-0.2567094368518528
0.24350000000000002,-0.32575533664952366
0.24400000000000002,-0.3536777795237848
0.2445,-0.3369518274381873
0.24500000000000002,-0.2776889698840964
0.24550000000000002,-0.1833705687782665
0.246,-0.06590340896372525
0.2465,0.05988341808175065
0.24700000000000003,0.178110543452845
0.24750000000000003,0.2738529373790865
0.248,0.3350240497125736
0.24850000000000003,0.3539016198485255
0.24900000000000003,0.3281025373510861
0.2495,0.2608836865699092
0.25000000000000006,0.16073079652777986
0.2505,0.040287199799904055
0.251,-0.08524226579683744
0.2515,-0.20001072074798
0.25200000000000006,-0.2895297589328651
0.2525,-0.3424984686043866
0.253,-0.35223006306899135
0.25350000000000006,-0.3174960227577345
0.254,-0.24268118392597235
0.2545,-0.13723019553501745
0.255,-0.014455223774473922
0.2555,0.11014458001592338
0.256,0.22083969712268364
0.2565,0.30365594088538944
0.25700000000000006,0.34813856244877406
0.2575,0.34867206157110264
0.258,0.30518908915411813
0.2585,0.22317894941455463
0.259,0.11299462838033822
0.2595,-0.011454170346139316
0.26,-0.1344569909785433
0.2605,-0.24048591846333336
0.261,-0.3161558273965521
0.2615,-0.3519141244963464
0.262,-0.3432466710058057
0.2625,-0.2912476490000973
0.263,-0.202481431494595
0.2635,-0.0881538939152567
0.264,0.037302219166001294
0.2645,0.15804928827946427
0.265,0.2588441651581629
0.2655,0.3269624726052244
0.266,0.3538049339033139
0.2665,0.33598294823237984
0.267,0.27574636871091684
0.2675,0.18069948022536464
0.268,0.0628410320964417
0.2685,-0.06295048783727959
0.269,-0.18079511823880365
0.2695,-0.2758161156238187
0.27,-0.3360179991723639
0.2705,-0.35380086402861577
0.271,-0.3269197956981084
0.2715,-0.25876826876491416
0.272,-0.1579497535848215
0.2725,-0.03719161146132969
0.273,0.08826161147824246
0.2735,0.20257266061662027
0.27399999999999997,0.29131087288788904
0.2745,0.3432739082557349
0.275,0.35190193666935105
0.2755,0.3161057530877787
0.276,0.24040427906937298
0.2765,0.1343540926823777
0.277,0.01134300306127524
0.2775,-0.11310003086064259
0.278,-0.22326528104776022
0.2785,-0.3052454514075166
0.27899999999999997,-0.34869133925595724
0.2795,-0.34811832194403824
0.28,-0.30359873735879817
0.2805,-0.2207527519655586
0.281,-0.11003886921244149
0.28150000000000003,0.014566355258955698
0.28200000000000003,0.13733271842671138
0.2825,0.24276215570253368
0.28300000000000003,0.3175452215164363
0.28350000000000003,0.35224127794293586
0.284,0.34247028382433964
0.28450000000000003,0.28946573255438407
0.28500000000000003,0.19991893548138379
0.28550000000000003,0.08513430864326992
0.286,-0.0403977002951856
0.28650000000000003,-0.16082989074723508
0.28700000000000003,-0.2609588648278497
0.2875,-0.32814430912042875
0.28800000000000003,-0.3539047118478654
0.28850000000000003,-0.33498807160693383
0.28900000000000003,-0.2737824310559304
0.2895,-0.17801440965273768
0.29000000000000004,-0.05977379276608676
0.29050000000000004,0.06601268666035841
0.291,0.18346570360480968
0.29150000000000004,0.277757951989923
0.29200000000000004,0.3369859485003785
0.2925,0.35367273208864364
0.29300000000000004,0.3257117579068578
0.29350000000000004,0.25663282819595296
0.29400000000000004,0.15515648893224102
0.2945,0.03409314534002321
0.29500000000000004,-0.0912741277233126
0.29550000000000004,-0.20511892598006562
0.296,-0.29306944602337803
0.29650000000000004,-0.34402278633338146
0.29700000000000004,-0.3515465810833313
0.2975,-0.3146910240398741
0.298,-0.23810877240289618
0.29850000000000004,-0.13146759388628693
0.29900000000000004,-0.00822990465827509
0.2995,0.11604673034168415
0.30000000000000004,0.2256735893306373
0.30050000000000004,0.3068113428914343
0.301,0.34921713530379667
0.3015,0.34753764589610875
0.30200000000000005,0.30198489394338524
0.3025,0.21830947328682734
0.303,0.1070745955450211
0.30350000000000005,-0.017677413068004348
0.30400000000000005,-0.14019781945372842
0.3045,-0.2450196086859731
0.30500000000000005,-0.31891004487634034
0.30550000000000005,-0.3525411759458684
0.306,-0.34166739725137757
0.3065,-0.2876614180609221
0.30700000000000005,-0.1973409703008136
0.3075,-0.08210813591688375
0.308,0.04349005556346227
0.30850000000000005,0.16359804864844477
0.30900000000000005,0.2630533722313816
0.3095,0.3293007547479483
0.31,0.3539771056369016
0.31050000000000005,0.3339672745426229
0.311,0.27179730888313275
0.3115,0.1753155648236012
0.31200000000000006,0.05670192830704029
0.3125,-0.06906977760659791
0.313,-0.18612209290847204
0.3135,-0.2796782962235397
0.31400000000000006,-0.3379278227994027
0.3145,-0.353517233943101
0.315,-0.32447851745191547
0.31550000000000006,-0.25447753009742297
0.316,-0.15235121870506185
0.3165,-0.030992041186585984
0.31700000000000006,0.09427958143199659
0.3175,0.20764931981544119
0.318,0.2948053422658504
0.3185,0.34474504489123087
0.31900000000000006,0.35116402380735
0.3195,0.313251945081806
0.32,0.23579484154641941
0.32050000000000006,0.12857092249595722
0.321,0.005116169448289749
0.3215,-0.11898445045172294
0.322,-0.2280644356231411
0.3225,-0.3083534941728498
0.323,-0.3497159099076668
0.3235,-0.34693007835839507
0.32400000000000007,-0.30034768378257365
0.3245,-0.21584930243240705
0.325,-0.10410203674524347
0.3255,0.02078710304831417
0.326,0.14305207236608194
0.3265,0.24725810273826154
0.327,0.3202501918700549
0.3275,0.35281379529987444
0.328,0.3408380734120313
0.3285,0.2858348451324964
0.329,0.1947477354286108
0.3295,0.07907560989288873
0.33,-0.046579045693040555
0.3305,-0.16635354779078712
0.331,-0.2651275253016277
0.3315,-0.3304317200052475
0.332,-0.3540221096687945
0.3325000000000001,-0.3329206360258587
0.333,-0.26979115579573126
0.3335,-0.17260315456700998
0.334,-0.05362567641157158
0.3345,0.07212152412688158
0.335,0.1887640806057996
0.3355,0.28157699973382827
0.336,0.33884354918984705
0.3365,0.35333438162399833
0.337,0.3232201697579743
0.3375,0.25230254124027623
0.338,0.1495341599672201
0.3385,0.027888538955803
0.339,-0.09727774005067398
0.3395,-0.21016364632796627
0.34,-0.2965184272965274
0.3405,-0.3454406280429456
0.34099999999999997,-0.3507542944426216
0.3415,-0.311788627565465
0.342,-0.23346266554543224
0.3425,-0.12566430264770892
0.343,-0.002002038363450067
0.3435,0.12191296387820365
0.34400000000000003,0.23043763492830407
0.34450000000000003,0.30987178592440556
0.34500000000000003,0.35018762447378704
0.34550000000000003,0.34629566634277165
0.346,0.298687233559101
0.34650000000000003,0.21337242976344475
0.34700000000000003,0.10112142282138403
0.34750000000000003,-0.02389518458081313
0.34800000000000003,-0.14589525630968406
0.34850000000000003,-0.24947746465098344
0.34900000000000003,-0.3215655588007714
0.3495,-0.3530591149104321
0.35000000000000003,-0.33998237647706253
0.35050000000000003,-0.2839861551042226
0.351,-0.1921394315220024
0.35150000000000003,-0.0760369652196366
0.35200000000000004,0.04966443166649479
0.35250000000000004,0.16909617496148174
0.353,0.2671811635464388
0.35350000000000004,0.33153711738140584
0.35400000000000004,0.3540397204612575
0.3545,0.3318482370426087
0.35500000000000004,0.2677641270242207
0.35550000000000004,0.16987738876169134
0.35600000000000004,0.05054527511143745
0.3565,-0.07516769008558037
0.35700000000000004,-0.19139146226720027
0.35750000000000004,-0.28345391560440986
0.358,-0.33973305681535915
0.35850000000000004,-0.35312418927993544
0.35900000000000004,-0.32193681219245057
0.3595,-0.2501080299190314
0.36000000000000004,-0.14670553069485012
0.36050000000000004,-0.024782878787965663
0.36100000000000004,0.10026837159026573
0.3615,0.21266171096608033
0.36200000000000004,0.29820856856167566
0.36250000000000004,0.3461094819662491
0.363,0.3503174246928517
0.36350000000000005,0.3103011847182719
0.36400000000000005,0.23111242485717495
0.3645,0.12274795924761783
0.365,-0.0011122476335115976
0.36550000000000005,-0.12483204402093949
0.36600000000000005,-0.23279300361460992
0.3665,-0.31136610066494275
0.36700000000000005,-0.3506322425022021
0.36750000000000005,-0.3456344589382677
0.368,-0.2970036717539394
0.3685,-0.21087904693340329
0.36900000000000005,-0.09813298440502041
0.3695,0.027001417170856204
0.37,0.14872715128692332
0.37050000000000005,0.25167752269613647
0.37100000000000005,0.32285604388906763
0.3715,0.35327711579539917
0.37200000000000005,0.33910037265790105
0.37250000000000005,0.28211549102255207
0.373,0.18951626040426556
0.3735,0.07299243701897214
0.37400000000000005,-0.052745974745308774
0.3745,-0.17182571794369209
0.375,-0.26921412806103856
0.37550000000000006,-0.3326168613438698
0.37600000000000006,-0.3540299366516169
0.3765,-0.3307501605720929
0.377,-0.2657163794144306
0.37750000000000006,-0.16713847831976117
0.378,-0.04746096275946403
0.3785,0.07820803977893254
0.37900000000000006,0.1940040345932302
0.3795,0.28530889860479663
0.38,0.34059627684833865
0.3805,0.3528866731750095
0.38100000000000006,0.3206285440579714
0.3815,0.24789416593885744
0.382,0.1438655497593637
0.38250000000000006,0.021675300990370582
0.383,-0.10325124464403974
0.3835,-0.2151433204365375
0.38400000000000006,-0.29987563528290817
0.3845,-0.34675155490709547
0.385,-0.34985344836180365
0.3855,-0.308789731634389
0.38600000000000007,-0.22874430133669776
0.3865,-0.1198221179542069
0.387,0.0042264475678560984
0.38750000000000007,0.1277414650097026
0.388,0.23513035943021796
0.3885,0.3128363227685669
0.389,0.3510497295896144
0.3895,0.34494650730725623
0.39,0.2952971286363973
0.3905,0.20836934687327166
0.39100000000000007,0.09513695273312904
0.3915,-0.030105560466854347
0.392,-0.1515475381737061
0.3925,-0.2538581066393832
0.393,-0.32412154728082965
0.3935,-0.3534677810864759
0.394,-0.3381921302015354
0.3945000000000001,-0.28022299763422653
0.395,-0.18687842504901836
0.3955,-0.06994226086792214
0.396,0.055823436488298774
0.3965,0.17454196553304374
0.397,0.2712262615403326
0.3975,0.3336708683450789
0.398,0.3539927589969165
0.3985,0.3296264915803932
0.399,0.26364807141531
0.3995000000000001,0.1643866351704304
0.4,0.04437297801109372
0.4005,-0.08124233795319306
0.401,-0.19660159543034253
0.4015,-0.2871418052016048
0.402,-0.34143314249523665
0.4025,-0.35262185168754834
0.403,-0.3192954665846444
0.4035,-0.24566112060232062
0.404,-0.14101443691050486
0.4045,-0.018566046018705255
0.405,0.10622612840567104
0.4055,0.21760828271937047
0.406,0.3015194984672545
0.40650000000000003,0.3473667971836748
0.40700000000000003,0.3493624013506607
0.40750000000000003,0.3072543852658085
0.408,0.22635847822278243
0.40850000000000003,0.11688700516084399
0.40900000000000003,-0.007340320471543819
0.40950000000000003,-0.13064100172161636
0.41000000000000003,-0.23744952151706591
0.41050000000000003,-0.3142823384736228
0.41100000000000003,-0.3514400534320462
0.41150000000000003,-0.3442318646815147
0.41200000000000003,-0.2935677362540133
0.41250000000000003,-0.20584352377658785
0.413,-0.09213355963027957
0.41350000000000003,0.03320737427887222
0.41400000000000003,0.15435619873636602
0.41450000000000004,0.2560190477532657
0.41500000000000004,0.3253619710549448
0.41550000000000004,0.35363109603051524
0.41600000000000004,0.3372577193852143
0.4165,0.27830882137510315
0.41700000000000004,0.1842261295645991
0.41750000000000004,0.06688667278061479
0.41800000000000004,-0.058896578770123185
0.41850000000000004,-0.17724470755389604
0.41900000000000004,-0.27321740829104757
0.41950000000000004,-0.33469905682891277
0.42,-0.3539281903738595
0.42050000000000004,-0.32847731701387295
0.42100000000000004,-0.26155936306676647
0.4215,-0.1616220722436423
0.42200000000000004,-0.041281559805948595
0.42250000000000004,0.08427034982283721
0.42300000000000004,0.1991839437865708
0.4235,0.2889524935696371
0.42400000000000004,0.34224358900172996
0.42450000000000004,0.35232974530870054
0.425,0.3179376829222885
0.42550000000000004,0.2434090666962299
0.42600000000000005,0.1381524127594198
0.4265,0.01545535445839205
0.42700000000000005,-0.10919279268696577
0.42750000000000005,-0.22005640708268473
0.42800000000000005,-0.30314003091720626
0.4285,-0.347955161190267
0.42900000000000005,-0.34884432165526835
0.42950000000000005,-0.3056952644133424
0.43,-0.22395514012372492
0.43050000000000005,-0.11394284797835634
0.43100000000000005,0.01045362540178955
0.4315,0.13353042979868746
0.432,0.2397503104249013
0.43250000000000005,0.3157040358914553
0.43300000000000005,0.35180318382732884
0.4335,0.3434905863580789
0.43400000000000005,0.2918156284223045
0.43450000000000005,0.2033017730844858
0.435,0.08912303749058065
0.4355,-0.036306618597263564
0.43600000000000005,-0.1571529156486506
0.4365,-0.2581601788301981
0.437,-0.3265772192308873
0.43750000000000006,-0.3537670479906661
0.43800000000000006,-0.33629721251103595
0.4385,-0.2763731103587555
0.43900000000000006,-0.1815595791781706
0.43950000000000006,-0.06382590918985978
0.44,0.061965163799618465
0.4405,0.179933734875623
0.44100000000000006,0.2751874142438499
0.4415,0.3357013472370392
0.442,0.35383623577858436
0.44250000000000006,0.32730272579244957
0.44300000000000006,0.25945041598717566
0.4435,0.1588450034534985
0.444,0.03818694734933207
0.44450000000000006,-0.08729184108882537
0.445,-0.20175087984704754
0.4455,-0.29074082360292175
0.44600000000000006,-0.3430275536577327
0.4465,-0.3520103766408359
0.447,-0.3165552981323836
0.4475,-0.24113817847822444
0.44800000000000006,-0.13527969876154103
0.4485,-0.012343467006012486
0.449,0.11215100793573073
0.44950000000000007,0.22248750409745718
0.45,0.30473710724047964
0.4505,0.34851660140091634
0.451,0.3482992493631861
0.4515,0.30411248971740634
0.452,0.2215344730030812
0.4525,0.11098987421740088
0.45300000000000007,-0.01356612145975629
0.4535,-0.1364095256650256
0.454,-0.2420325481251364
0.45450000000000007,-0.3171013050150994
0.455,-0.35213909267744714
0.4555,-0.3427227296949992
0.456,-0.290040940714491
0.4565,-0.2007442914705162
0.457,-0.08610561925984363
0.4575,0.03940305361120225
0.4580000000000001,0.159937472508419
0.4585,0.2602813341954537
0.459,0.32776719777616464
0.4595,0.3538756264473448
0.46,0.33531068390033236
0.4605,0.2744160143651063
0.461,0.17887898021996862
0.4615000000000001,0.06076020692899206
0.462,-0.06502895413826841
0.4625,-0.18260883942883835
0.463,-0.27713612696517026
0.4635,-0.3366776620150267
0.464,-0.3537169023262804
0.4645,-0.32610280880269504
0.465,-0.25732139336097004
0.4655,-0.1560556436818227
0.466,-0.0350893800936698
0.4665000000000001,0.09030657795660531
0.467,0.20430220498943216
0.4675,0.29250665692547706
0.468,0.3437849758022605
0.4685,0.3516637703958093
0.46900000000000003,0.315148419180002
0.46950000000000003,0.2388486316632458
0.47000000000000003,0.13239651719939569
0.47050000000000003,0.009230624450723087
0.47100000000000003,-0.11510054525359249
0.47150000000000003,-0.2249013856522248
0.47200000000000003,-0.30631060385980197
0.47250000000000003,-0.3490510743729477
0.47300000000000003,-0.34772722665057454
0.47350000000000003,-0.3025061836486534
0.47400000000000003,-0.21909666416530965
0.47450000000000003,-0.10802831237077946
0.475,0.016677567809255646
0.47550000000000003,0.13927806654429256
0.47600000000000003,0.24429605802459423
0.47650000000000003,0.3184740377277747
0.47700000000000004,0.35244775399071937
0.4775,0.3419283541068691
0.47800000000000004,0.28824381045091474
0.47850000000000004,0.19817127682546076
0.479,0.08308153841742164
0.47950000000000004,-0.042496439727198236
0.48000000000000004,-0.16270965385444147
0.4805,-0.26238234971995694
0.48100000000000004,-0.328931814613577
0.4815000000000001,-0.3539568229990564
0.482,-0.3342982098879313
0.48250000000000004,-0.2724376848287374
0.4830000000000001,-0.17618454010718165
0.4835,-0.057689803213487094
0.48400000000000004,0.06808771271853682
0.4845,0.1852698142214433
0.48500000000000004,0.27906339566910066
0.48550000000000004,0.33762792561836563
0.486,0.35357019925063704
0.48650000000000004,0.3248776588908178
0.48700000000000004,0.2551724599259583
0.4875,0.15325420876148083
0.48800000000000004,0.03198909772002143
0.48850000000000005,-0.09331432715428076
0.489,-0.20683772179931365
0.48950000000000005,-0.2942498569020545
0.49000000000000005,-0.3445157968281181
0.4905,-0.35128995339304403
0.49100000000000005,-0.31371715492550667
0.4915000000000001,-0.2365406034100294
0.492,-0.12950309116553618
0.49250000000000005,-0.006117067655563467
0.493,0.1180411764135753
0.4935,0.2272978649676083
0.49400000000000005,0.30786039902240087
0.4945,0.3495585387503362
0.49500000000000005,0.3471282977789566
0.49550000000000005,0.3008764704985589
0.496,0.2166419022412471
0.49650000000000005,0.10505839159589242
0.49700000000000005,-0.01978772369526239
0.4975,-0.14213583047679124
0.49800000000000005,-0.24654066497921762
0.49850000000000005,-0.3198221278112857
0.499,-0.35272914388379345
0.49950000000000006,-0.34110752106023634
0.5000000000000001,-0.28642437668849413
0.5005000000000001,-0.1955829282419708
0.501,-0.08005102895818232
0.5015,0.04558653758767674
0.502,0.16546924518310688
0.5025000000000001,0.2644630628330375
0.503,0.33007097962831977
0.5035000000000001,0.35401063136303684
0.5040000000000001,0.33325986881622344
0.5045,0.2704382748272738
0.505,0.17347646732810962
0.5055000000000001,0.054614935622546254
0.506,-0.07114120286227042
0.5065000000000001,-0.18791645335469434
0.5070000000000001,-0.28096907122897347
0.5075000000000001,-0.33855206451832603
0.508,-0.3533961379031256
0.5085,-0.32362737085550286
0.509,-0.25300378196060574
0.5095000000000001,-0.15044091545962554
0.51,-0.028886340119594973
0.5105000000000001,0.09631485595062245
0.511,0.20935723408553453
0.5115,0.2959702886487331
0.512,0.34521996018640244
0.5125000000000001,0.35088895455744784
0.513,0.3122616161160989
0.5135000000000001,0.23421427230735306
0.5140000000000001,0.12659964454512876
0.5145,0.0030030375388592403
0.515,-0.120972673877913
0.5155000000000001,-0.22967675661074904
0.516,-0.30938637280945697
0.5165000000000001,-0.35003895526691586
0.517,-0.34650250909176744
0.5175000000000001,-0.29922347636977337
0.518,-0.2141703771734651
0.5185,-0.10208034169685382
0.519,0.022896348462603758
0.5195000000000001,0.14498259633678842
0.52,0.248766195307592
0.5205000000000001,0.32114547095417967
0.521,0.3529832405835127
0.5215,0.34026029406888453
0.522,0.28458278020993055
0.5225000000000001,0.1929794459991774
0.523,0.07701432537453923
0.5235000000000001,-0.04867310808955886
0.524,-0.16821603296498389
0.5245,-0.26652331253491474
0.525,-0.33118460467501615
0.5255,-0.354037047375747
0.526,-0.33219574102914645
0.5265000000000001,-0.2684179390694232
0.527,-0.1707549714258057
0.5275000000000001,-0.05153584208085249
0.528,0.07418918829899238
0.5285,0.1905485520389987
0.529,0.2828530061889383
0.5295000000000001,0.3394500072076391
0.53,0.35319473175212784
0.5305000000000001,0.32235204144051255
0.531,0.250815527271112
0.5315,0.14761598146105043
0.532,0.0257813473750243
0.5325,-0.09930793217313438
0.533,-0.21186054689525735
0.5335000000000001,-0.29766781904334405
0.534,-0.3458974113909343
0.5345,-0.35046080491719295
0.535,-0.31078191537730465
0.5355,-0.2318698183601879
0.536,-0.12368640199876063
0.5365000000000001,0.00011122494450005093
0.537,0.12389481081550344
0.5375000000000001,0.23203787650962768
0.538,0.3108884071454118
0.5385,0.35049228674939586
0.539,0.34584990901077467
0.5395000000000001,0.297547329166332
0.54,0.211682280201684
0.5405000000000001,0.09909439310684418
0.541,-0.026003201574620882
0.5415,-0.14781814384949557
0.542,-0.25097247680444174
0.5425,-0.32244396475987885
0.543,-0.35321002442857957
0.5435000000000001,-0.33938673868884944
0.544,-0.2827191635127904
0.5445,-0.19036103154731293
0.545,-0.07397166263805273
0.5455,0.05175591240262305
0.546,0.17094980466130835
0.5465000000000001,0.2685629394092629
0.547,0.3322726035844498
0.5475000000000001,0.35403606899318957
0.5479999999999999,0.331105908865922
0.5485,0.2663768338831609
0.549,0.1680202629819837
0.5495,0.04845276084002139
0.55,-0.07723143318404646
0.5505000000000001,-0.1931659066099824
0.551,-0.28471505477539644
0.5515,-0.3403216842059912
0.552,-0.3529659963818852
0.5525,-0.32105176932729856
0.553,-0.24860786517852523
0.5535000000000001,-0.1447796253511824
0.554,-0.0226743597420329
0.5545000000000001,0.10229332422597964
0.555,0.21434746652919554
0.5555,0.2993423167356953
0.556,0.34654809802244074
0.5565,0.350005537601297
0.557,0.30927816720423323
0.5575000000000001,0.2295074229757996
0.5579999999999999,0.12076358894500065
0.5585,-0.003225478821564491
0.559,-0.12680736111963017
0.5595,-0.23438104196742954
0.56,-0.31236638580703546
0.5605000000000001,-0.3509184981202641
0.561,-0.3451705480323618
0.5615,-0.295848158583833
0.562,-0.20917780384783133
0.5625,-0.09610077687022284
0.5630000000000001,0.029108042631740546
0.5635,0.15064225360816869
0.5640000000000001,0.25315933875385466
0.5645000000000001,0.32371750875458527
0.565,0.35340947787109855
0.5655,0.33848692251341145
0.5660000000000001,0.2808336707984904
0.5665,0.18772788749192146
0.5670000000000001,0.07092327618148393
0.5675000000000001,-0.054834711988164454
0.568,-0.17367034874046458
0.5685,-0.27058178563543994
0.5690000000000001,-0.3333348921703335
0.5695,-0.3540076962910691
0.5700000000000001,-0.3299904566546961
0.5705000000000001,-0.2643151172034509
0.5710000000000001,-0.16527255360075993
0.5715,-0.04536593046020548
0.572,0.08026770211708255
0.5725,0.19576831454404464
0.5730000000000001,0.2865550729082662
0.5735,0.34116702806546884
0.5740000000000001,0.352709949491303
0.5745000000000001,0.3197266551272506
0.575,0.24638096650554164
0.5755,0.14193206659938756
0.5760000000000001,0.019565617630562686
0.5765,-0.105270801107843
0.5770000000000001,-0.21681780055640806
0.5775000000000001,-0.3009936521578775
0.5780000000000001,-0.3471719697326041
0.5785,-0.3495231878370636
0.579,-0.30775048795269766
0.5795,-0.22712726894975768
0.5800000000000001,-0.11783143154289993
0.5805,0.006339483120110469
0.5810000000000001,0.1297100994252318
0.5815,0.23670607167658822
0.582,0.31382019443248765
0.5825,0.35131755640046736
0.5830000000000001,0.34446447872356595
0.5835,0.29412609609932694
0.5840000000000001,0.20665714190133852
0.5845000000000001,0.09309972462459204
0.585,-0.032210631390036576
0.5855,-0.1534547070911399
0.5860000000000001,-0.2553266119426056
0.5865,-0.3249660043949982
0.5870000000000001,-0.3535815854779219
0.5875,-0.3375609151678206
0.5880000000000001,-0.27892644796122534
0.5885,-0.1850802175782988
0.589,-0.0678694018804204
0.5895,0.05790926861721356
0.5900000000000001,0.1763774546944056
0.5905,0.2725796950008046
0.5910000000000001,0.3343713882357375
0.5915,0.35395193146478543
0.592,0.3288494707060661
0.5925,0.26223294856018287
0.5930000000000001,0.16251205589213819
0.5935,0.04227558979177486
0.5940000000000001,-0.08329776016013302
0.5945000000000001,-0.19835557447419763
0.595,-0.28837291821204986
0.5955,-0.3419859733757368
0.596,-0.3524266108925692
0.5965,-0.3183768013740118
0.5970000000000001,-0.2441350035633151
0.5975,-0.13907352554175104
0.5980000000000001,-0.016455361586412587
0.5985,0.10824013242995921
0.599,0.21927135782939813
0.5995,0.3026216975341587
0.6000000000000001,0.3477689782479904
0.6005,0.3490137929473791
0.6010000000000001,0.30619899583023
0.6015,0.22472954045166896
0.602,0.11489015667462486
0.6025,-0.009452996887246172
0.603,-0.13260280112658487
0.6035,-0.23901278573278598
0.6040000000000001,-0.31524972053014677
0.6045,-0.35168943071199904
0.605,-0.343731755718062
0.6055,-0.29238127496116373
0.606,-0.20412048940393562
0.6065,-0.09009146858300908
0.6070000000000001,0.03531072777987947
0.6075,0.15625528667859845
0.6080000000000001,0.25747412867315017
0.6085,0.32618935507604563
0.609,0.3537263339318428
0.6095,0.3366087883039198
0.6100000000000001,0.27699764257652043
0.6105,0.18241822667576255
0.6110000000000001,0.06481027603506376
0.6115,-0.06097934438922832
0.612,-0.17907091305481884
0.6125,-0.27455651291271216
0.613,-0.33538201157950576
0.6135,-0.3538687788292648
0.6140000000000001,-0.3276830393063075
0.6145,-0.2601304890657221
0.615,-0.1597389834557719
0.6155,-0.03918197795657629
0.616,0.08632137285575284
0.6165,0.2009274862054466
0.6170000000000001,0.29016845002700403
0.6175,0.34277845676908975
0.6180000000000001,0.3521160025096328
0.6184999999999999,0.3170023125154769
0.619,0.24187015013822646
0.6195,0.13620422336415622
0.62,0.013343832272465134
0.6205,-0.11120108843370924
0.6210000000000001,-0.22170794849879072
0.6215,-0.30422632689095774
0.622,-0.3483390773737371
0.6225,-0.3484773923477839
0.623,-0.30462381088696605
0.6235,-0.2223144230111119
0.6240000000000001,-0.1119399919277499
0.6245,0.01256577920791502
0.625,0.13548524239455118
0.6255000000000001,0.24130100564899346
0.626,0.31665485348724964
0.6265000000000001,0.35203409228026844
0.627,0.34297243571189984
0.6275000000000001,0.29061383017876175
0.6280000000000001,0.20156804263467276
0.6285,0.08707624151588265
0.629,-0.03840809192447218
0.6295000000000001,-0.1590437756695749
0.63,-0.2596017227766443
0.6305000000000001,-0.3273874661382621
0.6310000000000001,-0.35384371203263365
0.6315000000000001,-0.3356306155946439
0.632,-0.2750474038899598
0.6325000000000001,-0.17974212076166218
0.633,-0.06174613535208415
0.6335000000000001,0.06404470175036286
0.6340000000000001,0.1817505154094912
0.6345000000000001,0.2765120864105159
0.635,0.33636668400244063
0.6355,0.3537582448186261
0.636,0.3264912527106305
0.6365000000000001,0.25800790140246893
0.637,0.15695355086420476
0.6375000000000001,0.036085334329670087
0.6380000000000001,-0.0893383062453176
0.6385,-0.20348385073049774
0.639,-0.29194152941988194
0.6395000000000001,-0.34354441692539717
0.64,-0.3517781483765029
0.6405000000000001,-0.3156032949057354
0.6410000000000001,-0.23958658147824743
0.6415000000000001,-0.1333243820852073
0.642,-0.010231270450104767
0.6425,0.11415344000864792
0.643,0.22412738402799182
0.6435000000000001,0.30580741606656897
0.644,0.3488822229971783
0.6445000000000001,0.34791402754346124
0.645,0.30302505500627464
0.6455,0.21988210350307985
0.646,0.10898116557779948
0.6465000000000001,-0.015677589223798537
0.647,-0.13835720019386025
0.6475000000000001,-0.2435705543691024
0.6480000000000001,-0.31803548457857045
0.6485,-0.3523515144363243
0.649,-0.3421865774591246
0.6495000000000001,-0.2888238985120146
0.65,-0.1989999990947659
0.6505000000000001,-0.08405427673300017
0.651,0.041502484158471215
0.6515000000000001,0.16181995829858195
0.652,0.2617092296258417
0.6525,0.32856024487517677
0.653,0.35393371069790286
0.6535000000000001,0.3346264727282391
0.654,0.2730758828055391
0.6545000000000001,0.1770521069056483
0.655,0.058677216926047306
0.6555,-0.0671051035118093
0.656,-0.1844160544182274
0.6565000000000001,-0.2784462641774403
0.657,-0.3373253293133407
0.6575000000000001,-0.35362033798568004
0.658,-0.325274203136137
0.6585,-0.25586534981036746
0.659,-0.1541559736463922
0.6595,-0.03298589852064815
0.66,0.09234832688689237
0.6605000000000001,0.20602447024503945
0.661,0.29369201919477717
0.6615000000000001,0.3442837945767873
0.662,0.35141307463538163
0.6625,0.314179856796861
0.663,0.23728447427955549
0.6635000000000001,0.1304342245389018
0.664,0.007117916960729222
0.6645000000000001,-0.11709695871009726
0.6650000000000001,-0.2265294772079024
0.6655,-0.3073648427206988
0.666,-0.34939837309122995
0.6665,-0.34732374212599865
0.667,-0.30140285189544996
0.6675000000000001,-0.21743277013362883
0.668,-0.10601390657043237
0.6685,0.01878818615171191
0.669,0.14121845230051583
0.6695,0.2458212562818183
0.67,0.319391506974724
0.6705000000000001,0.3526416726189348
0.671,0.3413742417672676
0.6715000000000001,0.2870116184608453
0.672,0.19641655749218254
0.6725,0.08102580806561181
0.673,-0.04459366504649113
0.6735,-0.1645836197523645
0.674,-0.26379648614773726
0.6745000000000001,-0.32970760054047
0.675,-0.3539963229638073
0.6755,-0.3335964374024814
0.676,-0.2710832318740129
0.6765,-0.17434839325342533
0.677,-0.0556037582213064
0.6775000000000001,0.07016031286830907
0.678,0.1870673238291182
0.6785,0.28035889655220136
0.679,0.3382578733349166
0.6795,0.35345506900127294
0.68,0.3240319847546986
0.6805000000000001,0.2537030000740184
0.681,0.151346468271061
0.6815000000000001,0.029883910355133526
0.6819999999999999,-0.09535120187354831
0.6825,-0.20854914816301576
0.683,-0.29541978390371537
0.6835,-0.3449965325122983
0.684,-0.35102080953465764
0.6845000000000001,-0.3127321083305083
0.685,-0.234964006672744
0.6855,-0.1275339743576116
0.686,-0.004004012706852412
0.6865,0.12003141677678524
0.687,0.22891404217121705
0.6875000000000001,0.30889848634406464
0.6880000000000001,0.3498874877176365
0.6885000000000001,0.3467065817700205
0.6890000000000001,0.2997573270759947
0.6895,0.21496661242534743
0.6900000000000001,0.10303844450386
0.6905,-0.021897329302395994
0.6910000000000001,-0.14406877731876874
0.6915000000000001,-0.24805293723414443
0.692,-0.32072281575050365
0.6925,-0.352904544376465
0.6930000000000001,-0.3405354914925742
0.6935,-0.28517713025439745
0.6940000000000001,-0.19381791772646592
0.6945000000000001,-0.07799106984808338
0.6950000000000001,0.04768139540157153
0.6955,0.1673345461865744
0.6960000000000001,0.2658633308362935
0.6965,0.33082944435494377
0.6970000000000001,0.3540315439855854
0.6975,0.33254058931861336
0.6980000000000001,0.26906960528118146
0.6985000000000001,0.1716311890107665
0.699,0.05252599705346916
0.6995,-0.0732100934162391
0.7000000000000001,-0.1897041184943784
0.7005,-0.2822498355406747
0.7010000000000001,-0.3391642439095176
0.7015000000000001,-0.3532624506534539
0.702,-0.32276469368572686
0.7025,-0.2515210195100169
0.7030000000000001,-0.14852525212981474
0.7035,-0.0267796098563637
0.7040000000000001,0.09834669885124765
0.7045000000000001,0.21105768913196826
0.7050000000000001,0.29712468985705714
0.7055,0.34568257558226884
0.706,0.3506013834267007
0.7065,0.3112601615294088
0.7070000000000001,0.23262535820908295
0.7075,0.12462385595453646
0.7080000000000001,0.0008897986337054515
0.7085000000000001,-0.12295658714862118
0.709,-0.23128089440700786
0.7095,-0.310408228267598
0.7100000000000001,-0.3503495290300872
0.7105,-0.3460625942296828
0.7110000000000001,-0.2980886078740323
0.7115000000000001,-0.21248382120256482
0.7120000000000001,-0.1000550096110238
0.7125,0.02500477809908083
0.713,0.14690795469848827
0.7135,0.2502654245448296
0.7140000000000001,0.32202930789298134
0.7145,0.3531401093686383
0.7150000000000001,0.33967039153520273
0.7155,0.283320575840207
0.716,0.19120428087305058
0.7165,0.0749502968999988
0.7170000000000001,-0.050765436303844315
0.7175,-0.17007252474219245
0.7180000000000001,-0.26790960376484285
0.7185000000000001,-0.33192568951348045
0.719,-0.3540393710379326
0.7195,-0.3314590101751957
0.7200000000000001,-0.2670351588357926
0.7205,-0.1689007044273619
0.7210000000000001,-0.04944417157103582
0.7215,0.07625420917216086
0.7220000000000001,0.1923262343862038
0.7225,0.28411893482730877
0.723,0.3400443709047386
0.7235,0.3530424978464938
0.7240000000000001,0.3214724279886316
0.7245,0.24931957695389437
0.7250000000000001,0.14569254352053065
0.7255,0.023673237226337646
0.726,-0.10133458603680354
0.7265,-0.21354989904794092
0.7270000000000001,-0.29880660513398755
0.7275,-0.34634187070259864
0.7280000000000001,-0.350154828765531
0.7285000000000001,-0.30976413028865524
0.729,-0.23026870984665615
0.7295,-0.12170409450645102
0.73,0.0022244842895880845
0.7305,0.1258722434840191
0.7310000000000001,0.23362985077489215
0.7315,0.3118939516717067
0.7320000000000001,0.3507844612771072
0.7325,0.3453918293349212
0.733,0.29639682341036
0.7335,0.20998458857679334
0.7340000000000001,0.09706383274172231
0.7345,-0.028110292096040573
0.7350000000000001,-0.149735764752098
0.7355,-0.2524585470178442
0.736,-0.32331088230942
0.7365,-0.3533483493680979
0.737,-0.33877900883415396
0.7375,-0.28144209887331556
0.7380000000000001,-0.18857584916781975
0.7385,-0.07190372450783367
0.739,0.05384554911878145
0.7395,0.17279734356215848
0.74,0.2699351465985036
0.7405,0.3329962511917132
0.7410000000000001,0.3540198035152138
0.7415,0.3303517836618078
0.7420000000000001,0.2649800499576413
0.7425,0.166157150780409
0.743,0.0463585202371114
0.7435,-0.07929242459096121
0.7440000000000001,-0.19493346861259292
0.7445,-0.28596604978641094
0.7450000000000001,-0.3408981862188061
0.7455,-0.3527952275997235
0.746,-0.32015528765533013
0.7465,-0.24709884274708221
0.747,-0.1428485616302318
0.7475,-0.020565032827550563
0.7480000000000001,0.10431463223585367
0.7485,0.21602558507077446
0.749,0.30046539959259083
0.7495,0.34697436685889005
0.75,0.3496811801043008
0.7505000000000001,0.308244130366994
0.7510000000000001,0.22789424393632957
0.7515000000000001,0.11877491593639503
0.7520000000000001,-0.005338595088496696
0.7525,-0.1287781601777324
0.753,-0.23596072951917396
0.7535000000000001,-0.3133555415952932
0.754,-0.3511922508048634
0.7545000000000001,-0.3446943389876623
0.7550000000000001,-0.2946821045905438
0.7555000000000001,-0.2074691079315903
0.756,-0.09406514534488372
0.7565000000000001,0.031213630997359132
0.757,0.15255198867153844
0.7575000000000001,0.2546321349554564
0.7580000000000001,0.32456743983521347
0.7585000000000001,0.3535292482618103
0.759,0.33786141236213657
0.7595000000000001,0.2795418447049374
0.76,0.18593282599149208
0.7605000000000001,0.0688515884067885
0.761,-0.05692149551591884
0.7615000000000001,-0.17550879180755247
0.7620000000000001,-0.27193980260645695
0.7625,-0.3340410465525499
0.763,-0.3539728429315091
0.7635000000000001,-0.32921899545251465
0.764,-0.26290443766528426
0.7645000000000001,-0.16340074035847668
0.7650000000000001,-0.04326928181067521
0.7655000000000001,0.08232450458396084
0.766,0.1975256194330797
0.7665000000000001,0.2877910374934341
0.767,0.3417256237858879
0.7675000000000001,0.35252065904621877
0.7680000000000001,0.31881337460242715
0.7685000000000001,0.24485898872383158
0.769,0.13999352651823538
0.7695,0.017455237164114366
0.77,-0.107286606860788
0.7705000000000001,-0.21848455563883298
0.771,-0.3021009448800081
0.7715000000000001,-0.3475800151103455
0.7720000000000001,-0.34918047409260766
0.7725,-0.3067002793777433
0.773,-0.22550214420761072
0.7735000000000001,-0.11583654689596556
0.774,0.008452292801867758
0.7745000000000001,0.13167411237808363
0.7750000000000001,0.23827335028302854
0.7755000000000001,0.31479288494458446
0.776,0.35157286605974886
0.7765,0.3439701771577473
0.777,0.29294458409471297
0.7775000000000001,0.20493757390778689
0.778,0.09105917945052189
0.7785000000000001,-0.0343145546752828
0.779,-0.1553564085453439
0.7795,-0.256786020171547
0.78,-0.32579888324142675
0.7805000000000001,-0.3536827920523286
0.781,-0.3369176731201902
0.7815000000000001,-0.2776199603714798
0.7820000000000001,-0.18327541585374796
0.7825,-0.06579412476268637
0.783,0.05999303748717796
0.7835000000000001,0.1782066596741377
0.784,0.2739234166740604
0.7845000000000001,0.3350599947526652
0.785,0.353898492920497
0.7855000000000001,0.328060733199325
0.786,0.2608084825637607
0.7865,0.16063168644484896
0.787,0.040176695328425306
0.7875000000000001,-0.08535021453734037
0.788,-0.2001024862742928
0.7885000000000001,-0.2895937567358929
0.7890000000000001,-0.34252661958119246
0.7895,-0.35221881343133227
0.79,-0.3174467926634314
0.7905000000000001,-0.24260018819771642
0.791,-0.1371276590992369
0.7915000000000001,-0.014344090863308703
0.792,0.1102502799485328
0.7925,0.22092662048379652
0.793,0.303713114442346
0.7935,0.34815876859360767
0.794,0.34865274947369346
0.7945000000000001,0.30513269677976923
0.795,0.2230925957544464
0.7955000000000001,0.11288921474793023
0.796,-0.011565336500532156
0.7965,-0.13455987600432662
0.797,-0.24056753412227772
0.7975000000000001,-0.3162058705020145
0.798,-0.35192627759081124
0.7985000000000001,-0.34321939987879074
0.7990000000000002,-0.29118439636731497
0.7995,-0.20239018238846188
0.8,-0.08804616765182068
0.8005,0.03741282318906144
0.801,0.15814880737528567
0.8015000000000001,0.2589200360045373
0.802,0.3270051172424341
0.8025,0.3538089688588643
0.803,0.33594786413220185
0.8035,0.27567659458294586
0.804,0.18060382437761058
0.8045000000000001,0.0627315701534228
0.805,-0.06305993736516331
0.8055000000000001,-0.18089073840845393
0.806,-0.2758858353147612
0.8065,-0.33605301694870104
0.807,-0.3537967592351718
0.8075,-0.3268770865253138
0.808,-0.25869234683226117
0.8085000000000001,-0.157850203301127
0.809,-0.03708100008600321
0.8095,0.08836932033013692
0.81,0.20266386974552544
0.8105,0.2913740680244446
0.811,0.34330111162588756
0.8115000000000001,0.35188971411102465
0.812,0.3160556475806091
0.8125000000000001,0.2403226159484541
0.8130000000000001,0.13425118112599474
0.8135,0.01123183465692176
0.8140000000000001,-0.11320542217840232
0.8145000000000001,-0.22335159064558938
0.8150000000000001,-0.30530178353439674
0.8155000000000001,-0.3487105825263598
0.816,-0.34809804708140507
0.8165,-0.30354150386822315
0.8170000000000001,-0.22066578502101042
0.8175,-0.10993314754859687
0.8180000000000001,0.014677485305805902
0.8185000000000001,0.13743522776422795
0.8190000000000001,0.24284310351943078
0.8195,0.3175943889346813
0.8200000000000001,0.352252458052061
0.8205,0.34244206524383586
0.8210000000000001,0.2894016776067922
0.8215000000000001,0.19982713048357142
0.8220000000000001,0.08502634308727322
0.8225000000000001,-0.04050819680339396
0.8230000000000001,-0.16092896909339852
0.8235,-0.2610340173302031
0.8240000000000001,-0.32818604850322647
0.8245,-0.3539077689182095
0.8250000000000001,-0.3349520604393002
0.8255000000000001,-0.2737118977115125
0.826,-0.17791825828331248
0.8265,-0.059664161550976126
0.8270000000000001,0.06612195784179073
0.8275,0.1835608203240052
0.8280000000000001,0.27782690668212623
0.8285000000000001,0.337020036303393
0.8290000000000001,0.3536676497474036
0.8295,0.3256681470177302
0.8300000000000001,0.25655619421138764
0.8305,0.15505650615075905
0.8310000000000001,0.03398243561963746
0.8315,-0.09138158835239904
0.8320000000000001,-0.20520957165403142
0.8325000000000001,-0.2931318336036099
0.833,-0.34404903999195824
0.8335,-0.35153338655008826
0.8340000000000001,-0.31464004699687104
0.8345,-0.23802644820817814
0.8350000000000001,-0.131364315172319
0.8355000000000001,-0.008118709362582872
0.8360000000000001,0.11615180488969006
0.8365,0.22575927848674868
0.8370000000000001,0.30686682922943614
0.8375,0.34923541421077076
0.8380000000000001,0.3475164098370602
0.8385000000000001,0.30192682376513574
0.8390000000000001,0.21822189978709017
0.8395,0.10696857403012869
0.84,-0.017788498408370056
0.8405,-0.14029994517104635
0.8410000000000001,-0.24509988239732938
0.8415,-0.31895833280293545
0.8420000000000001,-0.3525513822045676
0.8425000000000001,-0.3416382334008493
0.843,-0.28759656575490744
0.8435,-0.19724861651496048
0.8440000000000001,-0.08199993942236944
0.8445,0.043600436006858465
0.8450000000000001,0.16369667857855436
0.8455000000000001,0.26312780057461727
0.8460000000000001,0.32934158564665006
0.8465,0.353979184585493
0.847,0.3339303390939739
0.8475,0.27172602177997246
0.8480000000000001,0.17521892537240236
0.8485,0.05659213630279436
0.8490000000000001,-0.06917886198649073
0.8495,-0.1862166988173646
0.85,-0.279746480581489
0.8505,-0.33796097799146657
0.8510000000000001,-0.35351117444731983
0.8515,-0.324434008220959
0.8520000000000001,-0.25440018999070296
0.8525000000000001,-0.15225081116217115
0.853,-0.030881241687569134
0.8535,0.09438678552330163
0.8540000000000001,0.20773939502059185
0.8545,0.2948669174623653
0.8550000000000001,0.3447703468068111
0.8555,0.3511498583201477
0.8560000000000001,0.31320010044740726
0.8565,0.23571186264791788
0.857,0.12846728461581272
0.8575,0.005004955865289671
0.8580000000000001,-0.1190892000996292
0.8585,-0.22814949770716333
0.8590000000000001,-0.3084081304285707
0.8595,-0.34973322303684184
0.86,-0.34690788274611994
0.8605,-0.3002887814099731
0.8610000000000001,-0.21576112915364914
0.8615,-0.10399572358299906
0.8620000000000001,0.02089813508678312
0.8625000000000002,0.14315380656104543
0.863,0.2473376961326856
0.8635,0.3202975965686201
0.864,0.35282302691841716
0.8645,0.3408079665481088
0.8650000000000001,0.28576920048613685
0.8655,0.19465484000078592
0.8660000000000001,0.07896719083182789
0.8665,-0.04668930153068504
0.867,-0.1664517216731796
0.8675,-0.26520122372669586
0.8680000000000001,-0.33047163926049117
0.8685,-0.35402321033476863
0.8690000000000001,-0.3328827791541457
0.8695,-0.2697191204497926
0.87,-0.1725060345117713
0.8705,-0.053515732113588205
0.871,0.07223041326458128
0.8715,0.18885816838402322
0.8720000000000001,0.28164440848162114
0.8725,0.33887576920550166
0.873,0.35332734544254496
0.8735,0.32317476562917224
0.874,0.2522245009957485
0.8745,0.14943333543218434
0.8750000000000001,0.027777658251459874
0.8755000000000001,-0.09738467930902579
0.8760000000000001,-0.21025314409449392
0.8765000000000001,-0.2965791853448258
0.877,-0.3454649762577263
0.8775000000000001,-0.3507391590975435
0.8780000000000001,-0.3117359193512864
0.8785000000000001,-0.23337903836382215
0.8790000000000001,-0.1255603136205498
0.8795000000000001,-0.0018908150985276783
0.88,0.12201738052072839
0.8805000000000001,0.2305220633583943
0.881,0.3099255678702502
0.8815000000000001,0.3502039704855203
0.8820000000000001,0.3462725128946982
0.8825000000000001,0.2986275035498448
0.883,0.21328366352829142
0.8835000000000001,0.1010148262379735
0.884,-0.02400615472598689
0.8845000000000001,-0.1459965911103491
0.8850000000000001,-0.24955637156976868
0.8855000000000001,-0.32161207660325547
0.8860000000000001,-0.35306737117450543
0.8865,-0.3399513289293281
0.887,-0.28391972319693487
0.8875000000000001,-0.19204600164017693
0.888,-0.07592833198120244
0.8885000000000001,0.04977455436710962
0.8890000000000001,0.16919388519968365
0.8895000000000001,0.26725412635076173
0.89,0.33157612190433655
0.8905000000000001,0.35403984275944833
0.891,0.3318094616770973
0.8915000000000001,0.2676913490094296
0.8920000000000001,0.16977979561728201
0.8925000000000001,0.05043518702689854
0.893,-0.07527637555560948
0.8935000000000001,-0.1914850246345316
0.894,-0.28352054352612777
0.8945000000000001,-0.33976433916152715
0.895,-0.3531161769572507
0.8955000000000001,-0.3218905166790679
0.8960000000000001,-0.25002929557524595
0.8965,-0.14660429696918045
0.897,-0.024671925457984797
0.8975000000000001,0.10037503774102331
0.898,0.21275062436890663
0.8985000000000001,0.2982685047604533
0.8990000000000001,0.34613287459623154
0.8995000000000001,0.3503013206610312
0.9,0.310247617002723
0.9005000000000001,0.2310281558632707
0.901,0.1226436271198802
0.9015000000000001,-0.0012234719742517787
0.902,-0.1249361195786249
0.9025000000000001,-0.23287679185789434
0.903,-0.31141902413941497
0.9035,-0.35064762013168677
0.904,-0.34561034944595104
0.9045000000000001,-0.2969431187297575
0.905,-0.2107896946103373
0.9055000000000001,-0.0980261126486178
0.9060000000000001,0.027112316836165686
0.9065,0.1488280788522869
0.907,0.25175573703368664
0.9075000000000001,0.3229016711960742
0.908,0.35328439606615186
0.9085000000000001,0.33906838682871554
0.9090000000000001,0.2820482769946268
0.9095000000000001,0.1894223032978074
0.91,0.07288359800888079
0.9105,-0.05285595578794758
0.911,-0.17192295697716775
0.9115000000000001,-0.2692863495989852
0.912,-0.33265494811642704
0.9125000000000001,-0.35402908057256116
0.913,-0.3307104697131014
0.9135,-0.2656428643621331
0.914,-0.1670404196376655
0.9145000000000001,-0.04735073940663742
0.915,0.07831651317146453
0.9155000000000001,0.19409706431004142
0.9160000000000001,0.2853747405449816
0.9165,0.34062661910446534
0.917,0.35287768533105995
0.9175000000000001,0.320581360742217
0.918,0.247814743588043
0.9185000000000001,0.14376391467619642
0.919,0.02156428362000996
0.9195000000000001,-0.10335762943365569
0.92,-0.2152316425958324
0.9205,-0.2999347449944647
0.921,-0.346773990142224
0.9215000000000001,-0.34983637688931685
0.922,-0.3087353085623849
0.9225000000000001,-0.22865939705102856
0.9230000000000002,-0.11971745079876193
0.9235,0.004337664378155875
0.924,0.1278451914295017
0.9245000000000001,0.23521350100339722
0.925,0.3128883836766012
0.9255000000000001,0.3510641376469792
0.926,0.3449214436362238
0.9265,0.295235757282735
0.927,0.20827941537608505
0.9275,0.09502981407318128
0.928,-0.030216381071234134
0.9285000000000001,-0.1516480506942668
0.929,-0.25393562234369904
0.9295000000000001,-0.32416628056182484
0.93,-0.3534740848005837
0.9305,-0.33815920856588116
0.931,-0.2801550066865275
0.9315000000000001,-0.18678394798807393
0.932,-0.06983322450785115
0.9325000000000001,0.05593326736290659
0.9330000000000002,0.1746387258377354
0.9335,0.27129773622356973
0.934,0.333708034420225
0.9345,0.3539909246068555
0.935,0.329585888299107
0.9355000000000001,0.2635738250139083
0.936,0.1642881185381636
0.9365,0.04426262791880362
0.937,-0.08135059087489001
0.9375,-0.19669408529827156
0.9380000000000001,-0.287206856065562
0.9385000000000001,-0.34146254231352063
0.9390000000000001,-0.3526118890177929
0.9395000000000001,-0.31924739911743977
0.9400000000000001,-0.2455810163899419
0.9405,-0.14091240833413318
0.9410000000000001,-0.018454973198117827
0.9415,0.10633222360236905
0.9420000000000001,0.21769600680096463
0.9425000000000001,0.30157777711785677
0.9430000000000001,0.3473882732879779
0.9435,0.3493443637584594
0.9440000000000001,0.30719911104844405
0.9445,0.22627294521498892
0.9450000000000001,0.1167820110765998
0.9455000000000001,-0.007451521145777987
0.9460000000000001,-0.13074437097745042
0.9465000000000001,-0.2375320099868931
0.9470000000000001,-0.3143335327869013
0.9475,-0.351453490802428
0.9480000000000001,-0.3442058487711094
0.9485000000000001,-0.29350555131958056
0.9490000000000001,-0.20575302006397667
0.9495000000000001,-0.09202616235685682
0.95,0.03331810724731424
0.9505,0.15445628843476478
0.9510000000000001,0.25609585882641306
0.9515,0.3254058068485928
0.9520000000000001,0.353636422700213
0.9525000000000001,0.33722386449046926
0.9530000000000001,0.2782400587685672
0.9535,0.18413113985952184
0.9540000000000001,0.06677744750743313
0.9545000000000001,-0.059006250978314356
0.955,-0.1773409816426925
0.9555,-0.27328813058907747
0.9560000000000001,-0.33473529933083407
0.9565000000000001,-0.35392537781473205
0.9570000000000001,-0.3284358044520606
0.9575000000000001,-0.26148439106119875
0.958,-0.16152310528412778
0.9585,-0.04117109151277617
0.9590000000000001,0.08437837389737154
0.9595000000000001,0.19927588664904403
0.9600000000000001,0.2890167483239247
0.9605000000000001,0.34227204410730644
0.961,0.3523188085840211
0.9615,0.3178887350229511
0.9620000000000001,0.24332828682055543
0.9625000000000001,0.1380499985844923
0.9630000000000002,0.01534423478208158
0.9634999999999999,-0.10929859008139674
0.964,-0.22014352629873454
0.9645,-0.30319747399740504
0.9650000000000001,-0.3479756765019912
0.9655000000000001,-0.3488253193390443
0.9660000000000002,-0.3056391433275814
0.9665,-0.2238689850121117
0.967,-0.11383753508946125
0.9675,0.01056480133552111
0.9680000000000001,0.1336334338921143
0.9685000000000001,0.2398321394086792
0.969,0.3157543596486686
0.9695,0.35181564947098193
0.9700000000000001,0.34346362022135296
0.9705,0.2917526347188311
0.9710000000000001,0.20321070415937414
0.9715000000000001,0.08901538991376369
0.972,-0.036417255361560805
0.9725,-0.1572525747802088
0.9730000000000001,-0.25823627932872334
0.9735,-0.3266201541453208
0.9740000000000001,-0.3537713972037918
0.9745000000000001,-0.3362624269768092
0.975,-0.2763035814140532
0.9755,-0.18146408417901513
0.9760000000000001,-0.06371650345517246
0.9765000000000001,0.06207466885522497
0.9770000000000001,0.18002951529922664
0.9774999999999999,0.27525737868436645
0.978,0.33573666336138613
0.9785,0.3538324452680197
0.9790000000000001,0.3272603071622295
0.9795000000000001,0.2593747241786063
0.9800000000000001,0.15874559382446843
0.9804999999999999,0.038076369402984506
0.981,-0.08739962795757725
0.9815,-0.2018422685897337
0.9820000000000001,-0.29080427727567537
0.9825000000000002,-0.34305506184881984
0.9830000000000002,-0.35199846670748336
0.9835,-0.31650547358837383
0.984,-0.24105672918976032
0.9845,-0.1351769069125982
0.9850000000000001,-0.012232309072168655
0.9855000000000002,0.11225649934164593
0.986,0.22257401170693755
0.9865,0.30479371030550084
0.987,0.348536154332633
0.9875,0.34827928379328865
0.9880000000000001,0.3040555261057513
0.9885000000000002,0.22144770245407383
0.989,0.11088425067265233
0.9895,-0.01367726405052295
0.9900000000000001,-0.13651215662589564
0.9905,-0.24211371129112286
0.9910000000000001,-0.3171507543223908
0.9915000000000002,-0.3521505856298257
0.992,-0.34269481541851204
0.9925,-0.28997714311624206
0.9930000000000001,-0.2006526643795626
0.9935,-0.08599772970911991
0.9940000000000001,0.03951358561061173
0.9944999999999999,0.1600366933617923
0.995,0.26035671823091366
0.9955,0.3278092284891845
0.9960000000000001,0.35387899786736765
0.9965000000000002,0.3352749704182315
0.9970000000000001,0.27434572446215477
0.9974999999999999,0.17878298731585338
0.998,0.0606506291983085
0.9985,-0.06513828356809576
0.9990000000000001,-0.18270411877595863
0.9995000000000002,-0.2772053281345589
